{"base_lr": 0.01, "lr": 2.5240818008550974e-05, "data_time": 1.0119514179229736, "grad_norm": 22.41557258605957, "loss": 14.013785381317138, "loss_cls": 5.655424461364746, "loss_bbox": 4.937764462942141, "loss_dfl": 3.4205963634880026, "time": 1.3141756200790404, "epoch": 1, "iter": 50, "memory": 4986, "step": 50}
{"base_lr": 0.01, "lr": 5.099675475197033e-05, "data_time": 0.0011513471603393556, "grad_norm": 25.375563712120055, "loss": 12.570401992797851, "loss_cls": 4.736749582290649, "loss_bbox": 4.6822352567862255, "loss_dfl": 3.151417131969647, "time": 0.07339050769805908, "epoch": 1, "iter": 100, "memory": 1510, "step": 100}
{"base_lr": 0.01, "lr": 7.675269149538969e-05, "data_time": 0.001102280616760254, "grad_norm": 24.61365285873413, "loss": 11.777568302154542, "loss_cls": 4.343503232002258, "loss_bbox": 4.662582092285156, "loss_dfl": 2.7714830923080442, "time": 0.08862860202789306, "epoch": 1, "iter": 150, "memory": 1593, "step": 150}
{"base_lr": 0.01, "lr": 0.00010250862823880905, "data_time": 0.0012399816513061523, "grad_norm": 24.039697399139403, "loss": 11.782420139312745, "loss_cls": 4.507724485397339, "loss_bbox": 4.611784963607788, "loss_dfl": 2.6629107332229616, "time": 0.07525115013122559, "epoch": 1, "iter": 200, "memory": 1604, "step": 200}
{"base_lr": 0.01, "lr": 0.0001282645649822284, "data_time": 0.0010310173034667968, "grad_norm": 21.12002279281616, "loss": 11.45677146911621, "loss_cls": 4.27916989326477, "loss_bbox": 4.667926821708679, "loss_dfl": 2.509674654006958, "time": 0.06893195629119873, "epoch": 1, "iter": 250, "memory": 1511, "step": 250}
{"base_lr": 0.01, "lr": 0.00015402050172564778, "data_time": 0.001110830307006836, "grad_norm": 27.08256134033203, "loss": 11.203963165283204, "loss_cls": 4.161037726402283, "loss_bbox": 4.482441263198853, "loss_dfl": 2.5604841470718385, "time": 0.06857436656951904, "epoch": 1, "iter": 300, "memory": 1488, "step": 300}
{"base_lr": 0.01, "lr": 0.00017977643846906713, "data_time": 0.0011819744110107423, "grad_norm": 23.4849937915802, "loss": 11.199736404418946, "loss_cls": 4.177434005737305, "loss_bbox": 4.5629984521865845, "loss_dfl": 2.459303982257843, "time": 0.06999114990234374, "epoch": 1, "iter": 350, "memory": 1508, "step": 350}
{"base_lr": 0.01, "lr": 0.0002055323752124865, "data_time": 0.0011034965515136718, "grad_norm": 26.17061067581177, "loss": 11.36960361480713, "loss_cls": 4.297373776435852, "loss_bbox": 4.615749697685242, "loss_dfl": 2.456480119228363, "time": 0.07096397876739502, "epoch": 1, "iter": 400, "memory": 1593, "step": 400}
{"base_lr": 0.01, "lr": 0.00023128831195590586, "data_time": 0.0011609649658203124, "grad_norm": 17.997962846755982, "loss": 10.904093437194824, "loss_cls": 4.118926072120667, "loss_bbox": 4.530115809440613, "loss_dfl": 2.2550516319274903, "time": 0.07035919189453126, "epoch": 1, "iter": 450, "memory": 1514, "step": 450}
{"base_lr": 0.01, "lr": 0.00025704424869932524, "data_time": 0.0011227798461914062, "grad_norm": 23.35717707633972, "loss": 11.169021320343017, "loss_cls": 4.2115774965286255, "loss_bbox": 4.672354826927185, "loss_dfl": 2.2850890040397642, "time": 0.06924437046051025, "epoch": 1, "iter": 500, "memory": 1512, "step": 500}
{"base_lr": 0.01, "lr": 0.0002828001854427446, "data_time": 0.0011008691787719727, "grad_norm": 23.824894523620607, "loss": 10.967860889434814, "loss_cls": 4.193556513786316, "loss_bbox": 4.527670607566834, "loss_dfl": 2.2466337656974793, "time": 0.06942807197570801, "epoch": 1, "iter": 550, "memory": 1486, "step": 550}
{"base_lr": 0.01, "lr": 0.00030855612218616394, "data_time": 0.0011208724975585937, "grad_norm": 22.846395053863525, "loss": 11.078740043640137, "loss_cls": 4.191017785072327, "loss_bbox": 4.500647683143615, "loss_dfl": 2.387074489593506, "time": 0.07293020725250245, "epoch": 1, "iter": 600, "memory": 1550, "step": 600}
{"base_lr": 0.01, "lr": 0.0003343120589295833, "data_time": 0.0009915637969970703, "grad_norm": 20.091012744903566, "loss": 10.906111698150635, "loss_cls": 4.080973472595215, "loss_bbox": 4.541420931816101, "loss_dfl": 2.283717272281647, "time": 0.06971404075622559, "epoch": 1, "iter": 650, "memory": 1432, "step": 650}
{"base_lr": 0.01, "lr": 0.00036006799567300264, "data_time": 0.0011016702651977539, "grad_norm": 19.102079515457152, "loss": 10.937637042999267, "loss_cls": 4.12531569480896, "loss_bbox": 4.505052189826966, "loss_dfl": 2.3072691345214844, "time": 0.07183547496795654, "epoch": 1, "iter": 700, "memory": 1557, "step": 700}
{"base_lr": 0.01, "lr": 0.00038582393241642205, "data_time": 0.001030726432800293, "grad_norm": 19.01914605140686, "loss": 10.634316368103027, "loss_cls": 3.970817313194275, "loss_bbox": 4.464649958610535, "loss_dfl": 2.1988491678237914, "time": 0.07237720489501953, "epoch": 1, "iter": 750, "memory": 1507, "step": 750}
{"base_lr": 0.01, "lr": 0.0004115798691598414, "data_time": 0.0012525081634521484, "grad_norm": 21.172584924697876, "loss": 10.716591892242432, "loss_cls": 3.964754972457886, "loss_bbox": 4.473741946220398, "loss_dfl": 2.2780950117111205, "time": 0.07708365440368653, "epoch": 1, "iter": 800, "memory": 1482, "step": 800}
{"base_lr": 0.01, "lr": 0.00043733580590326075, "data_time": 0.0010988330841064453, "grad_norm": 19.426660118103026, "loss": 10.679777011871337, "loss_cls": 4.011351561546325, "loss_bbox": 4.45719425201416, "loss_dfl": 2.211231224536896, "time": 0.07055824756622314, "epoch": 1, "iter": 850, "memory": 1576, "step": 850}
{"base_lr": 0.01, "lr": 0.0004630917426466801, "data_time": 0.0010126018524169922, "grad_norm": 19.05408172607422, "loss": 10.218856468200684, "loss_cls": 3.8166218614578247, "loss_bbox": 4.317530584335327, "loss_dfl": 2.0847039794921876, "time": 0.07164575576782227, "epoch": 1, "iter": 900, "memory": 1477, "step": 900}
{"base_lr": 0.01, "lr": 0.0004888476793900995, "data_time": 0.0011206340789794921, "grad_norm": 19.45309247970581, "loss": 10.473223171234132, "loss_cls": 4.078499960899353, "loss_bbox": 4.167978382110595, "loss_dfl": 2.226744840145111, "time": 0.07076383113861084, "epoch": 1, "iter": 950, "memory": 1473, "step": 950}
{"base_lr": 0.01, "lr": 0.0005146036161335189, "data_time": 0.0012912607192993163, "grad_norm": 19.10230167388916, "loss": 10.093305015563965, "loss_cls": 3.7866335821151735, "loss_bbox": 4.180120186805725, "loss_dfl": 2.1265511560440062, "time": 0.0721419620513916, "epoch": 1, "iter": 1000, "memory": 1513, "step": 1000}
{"base_lr": 0.01, "lr": 0.0005403595528769382, "data_time": 0.0011282777786254883, "grad_norm": 20.346653146743776, "loss": 10.006828212738037, "loss_cls": 3.768327331542969, "loss_bbox": 4.207563891410827, "loss_dfl": 2.0309369659423826, "time": 0.07206455230712891, "epoch": 1, "iter": 1050, "memory": 1508, "step": 1050}
{"base_lr": 0.01, "lr": 0.0005661154896203576, "data_time": 0.0010008907318115234, "grad_norm": 19.886499004364012, "loss": 9.780744934082032, "loss_cls": 3.7276229095458984, "loss_bbox": 4.04720639705658, "loss_dfl": 2.005915665626526, "time": 0.0685347557067871, "epoch": 1, "iter": 1100, "memory": 1572, "step": 1100}
{"base_lr": 0.01, "lr": 0.0005918714263637769, "data_time": 0.0012060832977294923, "grad_norm": 17.581998977661133, "loss": 9.717036533355714, "loss_cls": 3.60420042514801, "loss_bbox": 4.0933534097671505, "loss_dfl": 2.0194826674461366, "time": 0.07100056171417236, "epoch": 1, "iter": 1150, "memory": 1601, "step": 1150}
{"base_lr": 0.01, "lr": 0.0006176273631071963, "data_time": 0.0010437965393066406, "grad_norm": 23.17284435272217, "loss": 10.020439586639405, "loss_cls": 4.128353095054626, "loss_bbox": 3.983893213272095, "loss_dfl": 1.9081932973861695, "time": 0.06948999404907226, "epoch": 1, "iter": 1200, "memory": 1477, "step": 1200}
{"base_lr": 0.01, "lr": 0.0006433832998506157, "data_time": 0.0011761140823364257, "grad_norm": 19.194186000823976, "loss": 9.646457901000977, "loss_cls": 3.7107104682922363, "loss_bbox": 4.01062388420105, "loss_dfl": 1.9251235365867614, "time": 0.07420711040496826, "epoch": 1,